<?xml version="1.0" encoding="UTF-8"?>
<project-private xmlns="http://www.netbeans.org/ns/project-private/1">
    <editor-bookmarks xmlns="http://www.netbeans.org/ns/editor-bookmarks/2" lastBookmarkId="0"/>
    <open-files xmlns="http://www.netbeans.org/ns/projectui-open-files/2">
        <group>
            <file>file:/home/main/Freelance/bruce1818/01_source-code/05_project/NetbeansIDE/CMPE242/src/Part_II/Vaccine.java</file>
            <file>file:/home/main/Freelance/bruce1818/01_source-code/05_project/NetbeansIDE/CMPE242/src/Part_II/myQueue.java</file>
        </group>
    </open-files>
</project-private>
