<?xml version="1.0" encoding="UTF-8"?>
<project-private xmlns="http://www.netbeans.org/ns/project-private/1">
    <editor-bookmarks xmlns="http://www.netbeans.org/ns/editor-bookmarks/2" lastBookmarkId="0"/>
    <open-files xmlns="http://www.netbeans.org/ns/projectui-open-files/2">
        <group>
            <file>file:/home/main/Freelance/Project/src/Hesap.java</file>
            <file>file:/home/main/Freelance/Project/src/BireyselHesap.java</file>
            <file>file:/home/main/Freelance/Project/src/Musteri.java</file>
            <file>file:/home/main/Freelance/Project/src/IGuvenlikKontrol.java</file>
            <file>file:/home/main/Freelance/Project/src/KurumsalHesap.java</file>
        </group>
    </open-files>
</project-private>
