"ID","ACIKLAMA","DOSYA_YOLU","ISLEM_YERI","SORGU_GRUP"
"1","1- Fatura Açýklamalý (A4)","C:\Ebs Yazilim\Fatura\V208\Rapor\1.fr3","1","0"
"2","2- Fatura Açýklamalý Toplam Sayfa Sonunda (A4)","C:\Ebs Yazilim\Fatura\V208\Rapor\2.fr3","1","0"
"3","3- Fatura Açýklamalý (A5)","C:\Ebs Yazilim\Fatura\V208\Rapor\3.fr3","1","0"
"4","4- Fatura Açýklamalý Toplam Sayfa Sonunda (A5)","C:\Ebs Yazilim\Fatura\V208\Rapor\4.fr3","1","0"
"5","5- Fatura Standart (A4)","C:\Ebs Yazilim\Fatura\V208\Rapor\5.fr3","1","0"
"6","6- Fatura Standart Toplam Sayfa Sonunda (A4)","C:\Ebs Yazilim\Fatura\V208\Rapor\6.fr3","1","0"
"7","7- Fatura Standart (A5)","C:\Ebs Yazilim\Fatura\V208\Rapor\7.fr3","1","0"
"8","8- Fatura Standart Toplam Sayfa Sonunda (A5)","C:\Ebs Yazilim\Fatura\V208\Rapor\8.fr3","1","0"
"9","9- Ýrsaliye Standart (A4)","C:\Ebs Yazilim\Fatura\V208\Rapor\9.fr3","1","0"
"10","10- Ýrsaliye Standart (A5)","C:\Ebs Yazilim\Fatura\V208\Rapor\10.fr3","1","0"
"11","11-Fatura Kdv Grup (A4)","C:\Ebs Yazilim\Fatura\V208\Rapor\11.fr3","1","0"
"12","12- Fatura Kdv Grup Toplam Sayfa Sonunda (A4)","C:\Ebs Yazilim\Fatura\V208\Rapor\12.fr3","1","0"
"13","13-Fatura Kdv Grup (A5)","C:\Ebs Yazilim\Fatura\V208\Rapor\13.fr3","1","0"
"14","14- Fatura Kdv Grup Toplam Sayfa Sonunda (A5)","C:\Ebs Yazilim\Fatura\V208\Rapor\14.fr3","1","0"
"15","15- Fatura Devirli- Tasarým 1","C:\Ebs Yazilim\Fatura\V208\Rapor\15.fr3","1","0"
"16","16- Fatura Devirli- Tasarým 2","C:\Ebs Yazilim\Fatura\V208\Rapor\16.fr3","1","0"
"17","17- Fatura Devirli- Tasarým 3","C:\Ebs Yazilim\Fatura\V208\Rapor\17.fr3","1","0"
"18","18- Fatura Devirli- Tasarým 4","C:\Ebs Yazilim\Fatura\V208\Rapor\18.fr3","1","0"
"19","19-  Fatura Tevkifatlý - Tasarým 1","C:\Ebs Yazilim\Fatura\V208\Rapor\19.fr3","1","0"
"20","20-  Fatura Tevkifatlý - Tasarým 2","C:\Ebs Yazilim\Fatura\V208\Rapor\20.fr3","1","0"
"21","21-  Fatura Tevkifatlý - Tasarým 3","C:\Ebs Yazilim\Fatura\V208\Rapor\21.fr3","1","0"
"22","22-  Fatura Tevkifatlý - Tasarým 4","C:\Ebs Yazilim\Fatura\V208\Rapor\22.fr3","1","0"
"23","23-Fatura Alan Vergi - Tasarým 1","C:\Ebs Yazilim\Fatura\V208\Rapor\23.fr3","1","0"
"24","24-Fatura Alan Vergi - Tasarým 2","C:\Ebs Yazilim\Fatura\V208\Rapor\24.fr3","1","0"
"25","25-Fatura Alan Vergi - Tasarým 3","C:\Ebs Yazilim\Fatura\V208\Rapor\25.fr3","1","0"
"26","26-Fatura Alan Vergi - Tasarým 4","C:\Ebs Yazilim\Fatura\V208\Rapor\26.fr3","1","0"
"27","27-Proforma Fatura","C:\Ebs Yazilim\Fatura\V208\Rapor\Proforma_Fatura.fr3","1","0"
