<?xml version="1.0" encoding="UTF-8"?>
<project-private xmlns="http://www.netbeans.org/ns/project-private/1">
    <editor-bookmarks xmlns="http://www.netbeans.org/ns/editor-bookmarks/2" lastBookmarkId="0"/>
    <open-files xmlns="http://www.netbeans.org/ns/projectui-open-files/2">
        <group>
            <file>file:/home/main/Freelance/zekigklr07/01_source-code/05_project/VizeCevap/src/Cevaplar/SoruC.java</file>
            <file>file:/home/main/Freelance/zekigklr07/01_source-code/05_project/VizeCevap/src/Cevaplar/SoruB.java</file>
            <file>file:/home/main/Freelance/zekigklr07/01_source-code/05_project/VizeCevap/src/Cevaplar/SoruA.java</file>
        </group>
    </open-files>
</project-private>
