<?xml version="1.0" encoding="UTF-8"?>
<project-private xmlns="http://www.netbeans.org/ns/project-private/1">
    <editor-bookmarks xmlns="http://www.netbeans.org/ns/editor-bookmarks/2" lastBookmarkId="0"/>
    <open-files xmlns="http://www.netbeans.org/ns/projectui-open-files/2">
        <group>
            <file>file:/home/main/FreeLance/+beker%20(Java%20-%20DS%20Binary%20Search%20Tree)/01_source-code/05_project/FallSemesterProject/src/Main.java</file>
            <file>file:/home/main/FreeLance/+beker%20(Java%20-%20DS%20Binary%20Search%20Tree)/01_source-code/05_project/FallSemesterProject/src/BinarySearchTree.java</file>
        </group>
    </open-files>
</project-private>
