<?xml version="1.0" encoding="UTF-8"?>
<project-private xmlns="http://www.netbeans.org/ns/project-private/1">
    <editor-bookmarks xmlns="http://www.netbeans.org/ns/editor-bookmarks/2" lastBookmarkId="0"/>
    <open-files xmlns="http://www.netbeans.org/ns/projectui-open-files/2">
        <group>
            <file>file:/home/main/FreeLance/tunctopbas/01_source-code/05_project/JavaApplication26/src/Main.java</file>
            <file>file:/home/main/FreeLance/tunctopbas/01_source-code/05_project/JavaApplication26/src/Dictonary.java</file>
        </group>
    </open-files>
</project-private>
