<?xml version="1.0" encoding="UTF-8"?>
<project-private xmlns="http://www.netbeans.org/ns/project-private/1">
    <editor-bookmarks xmlns="http://www.netbeans.org/ns/editor-bookmarks/2" lastBookmarkId="0"/>
    <open-files xmlns="http://www.netbeans.org/ns/projectui-open-files/2">
        <group>
            <file>file:/home/main/Freelance/batuhangoren99%20(4)/01_source-code/05_project/SE2224/src/Model/Book.java</file>
            <file>file:/home/main/Freelance/batuhangoren99%20(4)/01_source-code/05_project/SE2224/src/Controller/ControllerBook.java</file>
            <file>file:/home/main/Freelance/batuhangoren99%20(4)/01_source-code/05_project/SE2224/src/View/Login.java</file>
            <file>file:/home/main/Freelance/batuhangoren99%20(4)/01_source-code/05_project/SE2224/src/View/ViewBook.java</file>
            <file>file:/home/main/Freelance/batuhangoren99%20(4)/01_source-code/05_project/SE2224/src/Run/Main.java</file>
            <file>file:/home/main/Freelance/batuhangoren99%20(4)/01_source-code/05_project/SE2224/src/View/ViewOperation.java</file>
            <file>file:/home/main/Freelance/batuhangoren99%20(4)/01_source-code/05_project/SE2224/src/Controller/ControllerFile.java</file>
        </group>
    </open-files>
</project-private>
