<?xml version="1.0" encoding="UTF-8"?>
<project-private xmlns="http://www.netbeans.org/ns/project-private/1">
    <editor-bookmarks xmlns="http://www.netbeans.org/ns/editor-bookmarks/2" lastBookmarkId="0"/>
    <open-files xmlns="http://www.netbeans.org/ns/projectui-open-files/2">
        <group>
            <file>file:/E:/Lectures/NetBeansProjects/2020/HomeWorkFall/Bütünleme/ButunlemeCevap/src/tr/isparta/edu/butunlemecevap/Soru2.java</file>
            <file>file:/E:/Lectures/NetBeansProjects/2020/HomeWorkFall/Bütünleme/ButunlemeCevap/src/tr/isparta/edu/butunlemecevap/Soru3.java</file>
            <file>file:/E:/Lectures/NetBeansProjects/2020/HomeWorkFall/Bütünleme/ButunlemeCevap/src/tr/isparta/edu/butunlemecevap/Soru1.java</file>
        </group>
    </open-files>
</project-private>
